"species","r_mean","r_median","k_mean","k_median","fmsy_mean","fmsy_lo"
"Abalones",0.106006008502821,0.0562150341711652,32335.6596355691,23626.8641051474,0.233249360591424,0.0791609481594468
"Cucumbers",0.747062963600293,0.730912971082271,2184.37371232361,1806.78467515032,0.375068283385491,0.199883180505108
"Lobster",0.135779999253829,0.0823163231383871,406948.404692431,243478.73239678,0.242162284477681,0.0812156610319465
"Sandbass",0.227004825930375,0.11205398496267,311988.195519774,154619.766202517,0.242162284477681,0.0812156610319465
"Sheephead",0.24940340831163,0.109710563057848,26909.4375975854,10835.8911908357,0.242162284477681,0.0812156610319465
"Urchins",0.218534441515189,0.107469006470147,561797.027299659,284789.749170174,0.242162284477681,0.0812156610319465
NA,0.210552752384879,0.104489283420723,103767.533167757,52444.0440642798,0.242162284477681,0.0812156610319465
